{"cameraMode":{"drawMode":0,"name":"Shaded","section":"Shading Mode"},"sceneLighting":true,"audioPlay":false,"sceneViewState":{"showFog":true,"showMaterialUpdate":false,"showSkybox":true,"showFlares":true,"showImageEffects":true,"showParticleSystems":true},"in2DMode":false,"pivot":{"x":0.24214377999305726,"y":0.23721836507320405,"z":-1.042984962463379},"rotation":{"x":-0.0843922570347786,"y":-0.2507089674472809,"z":0.021945104002952577,"w":-0.9641277194023132},"size":0.561552882194519,"orthographic":false}