{"cameraMode":{"drawMode":0,"name":"Shaded","section":"Shading Mode"},"sceneLighting":true,"audioPlay":false,"sceneViewState":{"showFog":true,"showMaterialUpdate":false,"showSkybox":true,"showFlares":true,"showImageEffects":true,"showParticleSystems":true},"in2DMode":false,"pivot":{"x":0.05473911389708519,"y":-0.17990580201148988,"z":-0.1542038917541504},"rotation":{"x":0.18312054872512818,"y":-0.602623701095581,"z":0.14460113644599915,"w":0.7631528377532959},"size":2.0615527629852297,"orthographic":false}